Job ID,Job URL,Job Title,Company Name,Status,Timestamp,WP ID
e3ca03e3a2e8bc86,https://ru.linkedin.com/jobs/view/spa-manager-at-hilton-4436713358,Spa Manager,,scraped,2026-07-07T02:00:15.372342,
dfbd075d16829829,https://ru.linkedin.com/jobs/view/entrepreneur-in-residence-eir-at-the-flex-4436944438,Entrepreneur in Residence (EIR),,scraped,2026-07-07T02:00:35.293388,
ec4b94b876467d3b,https://ru.linkedin.com/jobs/view/growth-marketer-at-the-flex-4436775517,Growth Marketer,,scraped,2026-07-07T02:00:42.211346,
3bf7226d0192e321,https://ru.linkedin.com/jobs/view/ai-video-creator-at-the-flex-4436781352,AI Video Creator,,scraped,2026-07-07T02:00:49.038342,
dc8c48f221eeeeb2,https://ru.linkedin.com/jobs/view/ux-ui-designer-at-the-flex-4436381540,UX/UI Designer,,scraped,2026-07-07T02:00:55.463424,
748b9834179a766f,https://ru.linkedin.com/jobs/view/plumbing-technician-hidraulik%C3%AB-at-hilton-4429971640,Plumbing Technician - Hidraulikë,Hilton,posted,2026-07-09T11:27:50.136413,32
a56b2f3753867f72,https://ru.linkedin.com/jobs/view/senior-backend-engineer-go-at-block-labs-4324979717,Senior Backend Engineer (Go),,scraped,2026-07-09T11:27:52.643767,
2d618c08e2778036,https://ru.linkedin.com/jobs/view/armed-guard-at-constellis-4438913241,Armed Guard,Constellis,posted,2026-07-11T07:27:37.966275,34
2f949fbc95fca9bb,https://ru.linkedin.com/jobs/view/shift-supervisor-force-protection-operations-center-supervisor-chief-of-the-guard-at-constellis-4438917128,"Shift Supervisor, Force Protection Operations Center Supervisor, Chief-of-the-Guard",Constellis,posted,2026-07-11T07:27:49.393565,36
7bcf16db612e8edb,https://ru.linkedin.com/jobs/view/spa-receptionist-at-hilton-4423006887,Spa Receptionist,Hilton,posted,2026-07-20T13:21:57.731287,38
952e65e0b1699e73,https://ru.linkedin.com/jobs/view/accounts-payable-accountant-at-hilton-4423002922,Accounts Payable Accountant,Hilton,posted,2026-07-20T13:22:08.107912,40
efd948bea8f82538,https://ru.linkedin.com/jobs/view/telephone-operator-at-hilton-4423023094,Telephone Operator,Hilton,posted,2026-07-20T13:22:16.477830,42
01ca458cfe08b789,https://ru.linkedin.com/jobs/view/pionier-maurer-m-w-at-swiss-federal-administration-4439877962,Pionier Maurer (m/w),,scraped,2026-07-20T13:22:18.905599,
e5f1bc5e8ad20c33,https://ru.linkedin.com/jobs/view/guest-relations-manager-at-hilton-4423010794,Guest Relations Manager,Hilton,posted,2026-07-20T13:22:32.575326,44
6a084d84d13cab65,https://ru.linkedin.com/jobs/view/engineering-supervisor-at-hilton-4423001997,Engineering Supervisor,Hilton,posted,2026-07-20T13:22:41.198962,46
16481657563048d0,https://ru.linkedin.com/jobs/view/fahrer-in-transporthelfer-in-at-swiss-federal-administration-4439878926,Fahrer/in / Transporthelfer/in,,scraped,2026-07-20T13:22:43.672343,
3ba18d0a98f6df67,https://ru.linkedin.com/jobs/view/staff-officers-hq-kfor-at-swiss-federal-administration-4439891448,Staff Officers HQ KFOR,,scraped,2026-07-20T13:22:51.430074,
a7aa2718fe48ca03,https://ru.linkedin.com/jobs/view/staff-officers-hq-kfor-at-swiss-federal-administration-4439886610,Staff Officers HQ KFOR,,scraped,2026-07-20T13:22:59.076458,
93169bc9923f2ba9,https://ru.linkedin.com/jobs/view/sp%C3%A9cialiste-h-f-en-infrastructures-%C3%A9lectriques-courant-fort-at-swiss-federal-administration-4439885640,Spécialiste (h/f) en infrastructures électriques / courant fort,,scraped,2026-07-20T13:23:06.785187,
98df30e89d884c21,https://ru.linkedin.com/jobs/view/technical-account-manager-tam-at-bottomline-4392598054,Technical Account Manager (TAM),Bottomline,posted,2026-07-20T13:23:20.075166,48
55943b9b81e1f8b1,https://ru.linkedin.com/jobs/view/mannschaft-und-kader-aller-stufen-im-bereich-hoch-tiefbau-at-swiss-federal-administration-4439879742,Mannschaft und Kader aller Stufen im Bereich Hoch-/Tiefbau,,scraped,2026-07-20T13:23:22.562543,
990048c998e2288d,https://ru.linkedin.com/jobs/view/militaires-de-la-troupe-et-cadres-%C3%A0-tous-les-%C3%A9chelons-dans-les-domaines-du-b%C3%A2timent-et-du-g%C3%A9nie-civil-at-swiss-federal-administration-4439891450,Militaires de la troupe et cadres à tous les échelons dans les domaines du bâtiment et du génie civil,,scraped,2026-07-20T13:23:29.898578,
51d8932c54769bf9,https://ru.linkedin.com/jobs/view/technical-expert-climate-change-at-save-the-children-international-4441951867,Technical Expert - Climate Change,,scraped,2026-07-20T13:23:37.119441,
316cc622fd1a0a0c,https://ru.linkedin.com/jobs/view/un-conducteur-ou-une-conductrice-et-auxiliaire-de-transport-at-swiss-federal-administration-4439896341,Un conducteur ou une conductrice et auxiliaire de transport,,scraped,2026-07-20T13:23:43.636114,
3847d48036a77579,https://ru.linkedin.com/jobs/view/m%C3%A9catronicien-ne-sur-automobiles-et-camions-at-swiss-federal-administration-4439893452,Mécatronicien/ne sur automobiles et camions,,scraped,2026-07-20T13:23:50.943303,
b742256f5412b04b,https://ru.linkedin.com/jobs/view/mannschaft-und-kader-im-gastgewerblichen-bereich-m-w-at-swiss-federal-administration-4439893455,Mannschaft und Kader im gastgewerblichen Bereich (m/w),,scraped,2026-07-20T13:23:58.138654,
8023ba085cd269c2,https://ru.linkedin.com/jobs/view/junior-chef-kuzhinier-at-hilton-4423019552,Junior Chef (Kuzhinier),Hilton,posted,2026-07-20T13:24:12.063580,50
9a9f5df656363aa3,https://ru.linkedin.com/jobs/view/room-attendant-housekeeping-attendant-mirembajtese-at-hilton-4423004895,Room Attendant / Housekeeping Attendant (Mirembajtese),Hilton,posted,2026-07-20T13:24:20.891264,52
f9c2384885572273,https://ru.linkedin.com/jobs/view/technical-advisor-%E2%80%93-gender-equality-at-save-the-children-international-4441969124,Technical Advisor – Gender Equality,,scraped,2026-07-20T13:24:23.481261,
0048ada2a163ecda,https://ru.linkedin.com/jobs/view/staff-software-engineer-golang-at-block-labs-4440236729,"Staff Software Engineer, Golang",,scraped,2026-07-20T13:24:30.189312,
76a7f719cf312f97,https://ru.linkedin.com/jobs/view/finance-manager-maternity-cover-at-save-the-children-international-4444408905,FINANCE MANAGER (Maternity Cover),,scraped,2026-07-27T14:02:44.449831,
dded1bf968bca1ac,https://ru.linkedin.com/jobs/view/senior-distributed-systems-engineer-remote-work-ref%23293788-at-bairesdev-4426565342,Senior Distributed Systems Engineer - Remote Work | REF#293788,BairesDev,posted,2026-07-27T14:03:01.152901,54
c0ebe0f2813d7390,https://ru.linkedin.com/jobs/view/officier-%C3%A8re-d-%C3%A9tat-major-joint-visitors-bureau-at-swiss-armed-forces-4446985870,Officier/ère d'état-major Joint Visitors Bureau,,scraped,2026-08-03T15:58:10.780647,
c250db9dbefc320b,https://ru.linkedin.com/jobs/view/ufficiale-di-stato-maggiore-joint-visitors-bureau-at-swiss-armed-forces-4446989833,Ufficiale di stato maggiore Joint Visitors Bureau,,scraped,2026-08-03T15:58:18.175534,
a4d47a6e485d0421,https://ru.linkedin.com/jobs/view/troupe-et-cadres-dans-le-domaine-infrastructure-h-f-at-swiss-federal-administration-4446981940,Troupe et cadres dans le domaine Infrastructure (h/f),,scraped,2026-08-03T15:58:24.996972,
bb499cbfee5be689,https://ru.linkedin.com/jobs/view/personale-e-quadri-nell-ambito-dell-infrastruttura-m-f-at-swiss-federal-administration-4446988844,Personale e quadri nell'ambito dell'infrastruttura (m/f),,scraped,2026-08-03T15:58:34.810619,
0c8f0cc51e4204be,https://ru.linkedin.com/jobs/view/konsulent-i-sh%C3%ABrbimeve-ndaj-konsumatorit-n%C3%AB-gjuh%C3%AB-gjermane-n%C3%AB-prizren-at-concentrix-4446749036,Konsulent i Shërbimeve ndaj Konsumatorit në Gjuhë Gjermane në Prizren,Concentrix,posted,2026-08-03T15:58:49.176484,56
93f758b75f2fa24f,https://ru.linkedin.com/jobs/view/kundenberater-in-%E2%80%93-webhosting-digital-services-at-concentrix-4446752030,Kundenberater/in – Webhosting & Digital Services,Concentrix,posted,2026-08-03T15:58:57.488483,58
847cc76d509a0073,https://ru.linkedin.com/jobs/view/public-area-cleaner-at-hilton-4423020082,Public Area Cleaner,Hilton,posted,2026-08-10T10:39:45.458733,60
8a5ff83ca1cad9e0,https://ru.linkedin.com/jobs/view/steward-dishwasher-at-hilton-4423007867,Steward - Dishwasher,Hilton,posted,2026-08-10T10:39:53.404360,62
50fb9584441ca936,https://ru.linkedin.com/jobs/view/konsulent-i-sh%C3%ABrbimeve-n%C3%AB-gjuh%C3%AB-gjermane-n%C3%AB-mitrovic%C3%AB-telecommunication-at-concentrix-4446612983,Konsulent i Shërbimeve në Gjuhë Gjermane në Mitrovicë - Telecommunication,Concentrix,posted,2026-08-10T10:40:04.453986,64
9444b05298c7cd8d,https://ru.linkedin.com/jobs/view/stewarding-supervisor-at-hilton-4423014748,Stewarding Supervisor,Hilton,posted,2026-08-10T10:40:14.848205,66
e4ae0f0fe1b7403b,https://ru.linkedin.com/jobs/view/spa-attendant-at-hilton-4423004900,Spa Attendant,Hilton,posted,2026-08-10T10:40:23.006549,68
6b5571eb1b189632,https://ru.linkedin.com/jobs/view/bartender-mixologist-at-hilton-4423005910,Bartender/Mixologist,Hilton,posted,2026-08-10T10:40:31.648482,70
746203e9b536288c,https://ru.linkedin.com/jobs/view/head-mixologist-at-hilton-4423012775,Head Mixologist,Hilton,posted,2026-08-10T10:40:39.756042,72
92757db6b9cc07c8,https://ru.linkedin.com/jobs/view/engineer-technician-at-hilton-4423021067,Engineer - Technician,Hilton,posted,2026-08-10T10:40:48.317028,74
caccd40f83841cfb,https://ru.linkedin.com/jobs/view/purchasing-officer-at-hilton-4434713298,Purchasing Officer,Hilton,posted,2026-08-17T06:22:29.031194,76
347175ccdcb21d97,https://ru.linkedin.com/jobs/view/security-officer-at-hilton-4434983503,Security Officer,Hilton,posted,2026-08-17T06:22:37.984872,78
c57b1c7165c88c91,https://ru.linkedin.com/jobs/view/software-engineer-at-aios-%E2%80%94-remote-%E2%82%AC40k-%E2%82%AC80k-yr-%2B-equity-at-aios-4454845815,"Software Engineer at AIOS — Remote, €40k-€80k /yr + equity",AIOS,posted,2026-08-17T06:22:47.243226,80
da07f466f88834b1,https://ru.linkedin.com/jobs/view/demi-chef-de-partie-at-hilton-4427042151,Demi Chef de Partie,Hilton,posted,2026-08-17T06:22:58.241098,82
17bcaadd4fa570e2,https://ru.linkedin.com/jobs/view/chef-de-partie-at-hilton-4427052023,Chef de Partie,Hilton,posted,2026-08-17T06:23:07.138733,84
b39f59e5b0bce0a7,https://ru.linkedin.com/jobs/view/learning-development-executive-at-hilton-4456353185,Learning & Development Executive,Hilton,posted,2026-08-24T06:25:59.094661,86
80349e98aa026609,https://ru.linkedin.com/jobs/view/assistant-front-office-manager-at-hilton-4456341300,Assistant Front Office Manager,Hilton,posted,2026-08-24T06:26:07.320220,88
7d1d805ace30be27,https://ru.linkedin.com/jobs/view/applied-ai-engineer-at-block-labs-4456268236,Applied AI Engineer,,scraped,2026-08-24T06:26:11.900942,
ff661da78b5d295b,https://ru.linkedin.com/jobs/view/data-platform-engineer-at-block-labs-4422838086,Data Platform Engineer,,scraped,2026-08-31T11:52:21.197842,
0a07244ae71dcd06,https://ru.linkedin.com/jobs/view/konsulent-i-sh%C3%ABrbimeve-n%C3%AB-gjuh%C3%AB-gjermane-n%C3%AB-gjilan-telecommunication-at-concentrix-4457280350,Konsulent i Shërbimeve në Gjuhë Gjermane në Gjilan - Telecommunication,Concentrix,posted,2026-08-31T11:52:36.357428,90
05771b323184747e,https://ru.linkedin.com/jobs/view/senior-full-stack-engineer-apac-emea-at-deel-4456509365,Senior Full Stack Engineer - APAC/EMEA,Deel,posted,2026-08-31T11:52:49.377786,92
0bebd828ddfe20d0,https://ru.linkedin.com/jobs/view/ubuntu-linux-user-for-ai-data-training-at-sme-careers-4431347315,Ubuntu/Linux User for AI Data Training,SME Careers,posted,2026-08-31T11:52:59.832344,94
4c6db98bc22cc9b3,https://ru.linkedin.com/jobs/view/italian-chef-de-cuisine-sicilian-specialty-cuisine-at-hilton-4423023086,Italian Chef de Cuisine (Sicilian Specialty Cuisine),Hilton,posted,2026-08-31T11:53:08.110979,96
f91faafd0e7e7fb5,https://ru.linkedin.com/jobs/view/director-of-sales-at-hilton-4461224738,Director of Sales,Hilton,posted,2026-09-07T10:45:48.068621,98
4a330c551752358b,https://ru.linkedin.com/jobs/view/senior-finance-analyst-%E2%80%94-the-flex-at-the-flex-4462826062,Senior Finance Analyst — The Flex,,scraped,2026-09-07T10:45:54.735796,
31cd56051d9161ec,https://ru.linkedin.com/jobs/view/corporate-spanish-trainer-english-bilingual-at-gofluent-4459975144,Corporate Spanish Trainer (English Bilingual),,scraped,2026-09-07T10:46:04.711545,
38f3b4c24281c8d9,https://ru.linkedin.com/jobs/view/strategic-finance-manager-at-the-flex-4464477817,Strategic Finance Manager,,scraped,2026-09-14T10:59:58.603074,
